Post Title,Category,Cook Time,Difficulty,Post Type,Prep Time,Publish Date,Recipe #,Servings,Status,Total Time,Word Count
Quick 5-Minute Smoky Chipotle Mayo Recipe (Restaurant-Quality at Home),Others,0 minutes,Easy,Recipes,5 minutes,,1,8,In Progress,5 minutes,"1,150"
Crispy 10-Minute Cucumber Pickle Recipe (Easy Japanese-Style Sunomono),Others,0 minutes,Easy,Recipes,10 minutes,,2,4,In Progress,10 minutes (plus 2 hours marinating),"1,100"
Tangy Vietnamese Pickled Vegetables Recipe (Authentic Do Chua for Banh Mi),Others,0 minutes,Easy,Recipes,15 minutes,,3,8,Ready to Publish,15 minutes (plus overnight pickling),"1,150"
Herbed Pickled Red Onion Recipe (Restaurant-Style in 1 Hour),Others,5 minutes,Easy,Recipes,10 minutes,,4,6,In Progress,1 hour 15 minutes,"1,100"
Showstopping Maple-Miso Pie Recipe (Sweet-Savory Pretzel Crust),Desserts,25 minutes,Easy,Recipes,35 minutes,,5,8,In Progress,60 minutes,"1,200"
Ultimate Crispy Japanese Karaage Chicken Recipe (Double-Fried Perfection),Appetizers,20 minutes,Easy,Recipes,25 minutes,,6,6,In Progress,45 minutes,"1,200"
Irresistible Vietnamese Fish Sauce Wings Recipe (Caramelized and Crispy),Appetizers,25 minutes,Easy,Recipes,20 minutes,,7,4,In Progress,45 minutes,"1,200"
Sizzling Kimchi Jeon Recipe (Korean Savory Pancake with Pork),Appetizers,20 minutes,Easy,Recipes,20 minutes,,8,4,In Progress,40 minutes,"1,150"
Bold Spicy Miso Ramen Recipe (Restaurant-Style at Home),Main,30 minutes,Easy,Recipes,40 minutes,,9,2,In Progress,70 minutes,"1,200"
Perfect Ramen Eggs Recipe (Hanjuku Tamago with Jammy Yolks),Others,10 minutes,Easy,Recipes,10 minutes,,10,6,In Progress,2 hours 30 minutes (with marinating),"1,000"
Authentic Mapo Tofu Recipe (Sichuan Spicy Silken Tofu),Main,15 minutes,Easy,Recipes,15 minutes,,11,2,In Progress,30 minutes,"1,100"
Spicy Garlic Butter Edamame Recipe (Japanese Bar-Style Appetizer),Appetizers,5 minutes,Easy,Recipes,5 minutes,,12,4,In Progress,10 minutes,"1,050"
"Restaurant-Style Fondant Potatoes Recipe (Crispy Outside, Creamy Inside)",Others,45 minutes,Easy,Recipes,15 minutes,,13,6,In Progress,60 minutes,"1,100"
Creamy Parmesan Polenta Recipe (Italian Comfort Food Made Easy),Others,40 minutes,Easy,Recipes,10 minutes,,14,6,In Progress,50 minutes,"1,050"
Pork Osso Buco Recipe with Creamy Polenta (Italian Braised Perfection),Main,3 hours 30 minutes,Easy,Recipes,25 minutes,,15,2,In Progress,4 hours,"1,100"
Fresh Gremolata Recipe (Classic Italian Herb Garnish),Others,0 minutes,Easy,Recipes,5 minutes,,16,4,In Progress,5 minutes,"1,000"
Authentic Chimichurri Sauce Recipe (Argentinian Herb Sauce for Grilled Meats),Others,0 minutes,Easy,Recipes,10 minutes,,17,8,In Progress,10 minutes (plus 2 hours resting),"1,050"
Street Style Tteokbokki Recipe (Korean Spicy Rice Cakes),Appetizers,15 minutes,Easy,Recipes,20 minutes,,19,6,In Progress,35 minutes,
Thai Chicken Satay Skewers Recipe (Gai Satay),Appetizers,20 minutes,Medium,Recipes,1 hour 30 minutes,,20,30,In Progress,1 hour 50 minutes,
Thai Chicken Larb Recipe (Laab Gai Isaan),Appetizers,5 minutes,Easy,Recipes,15 minutes,,21,2,In Progress,20 minutes,
Northern Thai Beef Tartare Recipe (Saa),Appetizers,0 minutes,Easy,Recipes,15 minutes,,22,2,In Progress,15 minutes,
Perfect Pan-Seared Ribeye Steak Recipe (Restaurant-Quality at Home),Main,15 minutes,Easy,Recipes,50 minutes,,23,2,Draft,1 hour 5 minutes,
Why You Shouldn't Order a Well-Done Steak on a Date (Make a Great Impression),Articles,,,Informative Posts,,,25,,Ready to Publish,,
,,,,Recipes,,,27,,,,
The Secret to Deliciously Tender Stir-Fries: Mastering the Art of Velveting (Perfect for Date Night),Articles,,,Informative Posts,,,28,,Ready to Publish,,
Here's How to Get Wok Hei at Home for a Memorable Date Night,Articles,,,Informative Posts,,,30,,Ready to Publish,,
The Truth About MSG: A Flavor-Boosting Superstar for Your Date Night,Articles,,,Informative Posts,,,31,,Ready to Publish,,
The Essential Guide to Cooking Oils for Date Night Dinners,Articles,,,Informative Posts,,,32,,Ready to Publish,,
Unlock Restaurant-Quality Meals with Sous Vide Cooking for Date Night,Articles,,,Informative Posts,,,29,,Ready to Publish,,
How to Choose Fresh Seafood for a Perfect Date Night,Articles,,,Informative Posts,,,36,,Ready to Publish,,
Why You Shouldn't Wash Chicken on Date Night (and What to Do Instead),Articles,,,Informative Posts,,,35,,Ready to Publish,,
The Ultimate Guide to Crafting the Perfect Cocktail for Date Night,Articles,,,Informative Posts,,,37,,Ready to Publish,,
Demystifying Clarified Butter and Ghee for Date Night Cooking: A Beginner's Guide,Articles,,,Informative Posts,,,33,,Ready to Publish,,
The Ultimate Guide to Cooking a Perfect Steak for Your Next Date Night,Articles,,,Informative Posts,,,34,,Ready to Publish,,
Aphrodisiac Foods: Cooking to Set the Mood,Articles,,,Informative Posts,,,40,,In Progress,,
Why Is My Lamb Gamey,Articles,,,Informative Posts,,,42,,In Progress,,
Crafting the Perfect Cheese & Charcuterie Board for a Cozy Night In,Articles,,,Informative Posts,,,41,,In Progress,,
The Foolproof Egg Formula,Articles,,,Informative Posts,,,38,,Ready to Publish,,
Understanding Beef Grades: Choosing the Best Cut for Your Next Date Night,Articles,,,Informative Posts,,,39,,In Progress,,
What Is Omakase,Articles,,,Informative Posts,,,43,,In Progress,,
How Restaurants Calculate Wine Prices: Understanding the Markup for Your Next Date Night,Articles,,,Informative Posts,,,46,,In Progress,,
How to Make Pasta Without a Recipe: A Beginner's Guide to Crafting Perfect Pasta from Scratch,Articles,,,Informative Posts,,,44,,In Progress,,
The Beginner's Guide to Wine Pairing for a Perfect Date Night,Articles,,,Informative Posts,,,45,,In Progress,,
Ratafia Restaurant Review: Montreal's Hidden Gem for Intimate Date Nights,Others,,,Restaurant Reviews,,,50,,In Progress,,
,,,,Recipes,,,51,,,,