Recipe #,Post Title,Category,Status,Cook Time,Difficulty,Prep Time,Publish Date,Servings,Total Time,Word Count,Post Type
1,Quick 5-Minute Smoky Chipotle Mayo Recipe (Restaurant-Quality at Home),Others,In Progress,0 minutes,Easy,5 minutes,,8,5 minutes,"1,150",Recipes
2,Crispy 10-Minute Cucumber Pickle Recipe (Easy Japanese-Style Sunomono),Others,In Progress,0 minutes,Easy,10 minutes,,4,10 minutes (plus 2 hours marinating),"1,100",Recipes
3,Tangy Vietnamese Pickled Vegetables Recipe (Authentic Do Chua for Banh Mi),Others,Ready to Publish,0 minutes,Easy,15 minutes,,8,15 minutes (plus overnight pickling),"1,150",Recipes
4,Herbed Pickled Red Onion Recipe (Restaurant-Style in 1 Hour),Others,In Progress,5 minutes,Easy,10 minutes,,6,1 hour 15 minutes,"1,100",Recipes
5,Showstopping Maple-Miso Pie Recipe (Sweet-Savory Pretzel Crust),Desserts,In Progress,25 minutes,Easy,35 minutes,,8,60 minutes,"1,200",Recipes
6,Ultimate Crispy Japanese Karaage Chicken Recipe (Double-Fried Perfection),Appetizers,In Progress,20 minutes,Easy,25 minutes,,6,45 minutes,"1,200",Recipes
7,Irresistible Vietnamese Fish Sauce Wings Recipe (Caramelized and Crispy),Appetizers,In Progress,25 minutes,Easy,20 minutes,,4,45 minutes,"1,200",Recipes
8,Sizzling Kimchi Jeon Recipe (Korean Savory Pancake with Pork),Appetizers,In Progress,20 minutes,Easy,20 minutes,,4,40 minutes,"1,150",Recipes
9,Bold Spicy Miso Ramen Recipe (Restaurant-Style at Home),Main,In Progress,30 minutes,Easy,40 minutes,,2,70 minutes,"1,200",Recipes
10,Perfect Ramen Eggs Recipe (Hanjuku Tamago with Jammy Yolks),Others,In Progress,10 minutes,Easy,10 minutes,,6,2 hours 30 minutes (with marinating),"1,000",Recipes
11,Authentic Mapo Tofu Recipe (Sichuan Spicy Silken Tofu),Main,In Progress,15 minutes,Easy,15 minutes,,2,30 minutes,"1,100",Recipes
12,Spicy Garlic Butter Edamame Recipe (Japanese Bar-Style Appetizer),Appetizers,In Progress,5 minutes,Easy,5 minutes,,4,10 minutes,"1,050",Recipes
13,"Restaurant-Style Fondant Potatoes Recipe (Crispy Outside, Creamy Inside)",Others,In Progress,45 minutes,Easy,15 minutes,,6,60 minutes,"1,100",Recipes
14,Creamy Parmesan Polenta Recipe (Italian Comfort Food Made Easy),Others,In Progress,40 minutes,Easy,10 minutes,,6,50 minutes,"1,050",Recipes
15,Pork Osso Buco Recipe with Creamy Polenta (Italian Braised Perfection),Main,In Progress,3 hours 30 minutes,Easy,25 minutes,,2,4 hours,"1,100",Recipes
16,Fresh Gremolata Recipe (Classic Italian Herb Garnish),Others,In Progress,0 minutes,Easy,5 minutes,,4,5 minutes,"1,000",Recipes
17,Authentic Chimichurri Sauce Recipe (Argentinian Herb Sauce for Grilled Meats),Others,In Progress,0 minutes,Easy,10 minutes,,8,10 minutes (plus 2 hours resting),"1,050",Recipes
19,Street Style Tteokbokki Recipe (Korean Spicy Rice Cakes),Appetizers,In Progress,15 minutes,Easy,20 minutes,,6,35 minutes,,Recipes
20,Thai Chicken Satay Skewers Recipe (Gai Satay),Appetizers,In Progress,20 minutes,Medium,1 hour 30 minutes,,30,1 hour 50 minutes,,Recipes
21,Thai Chicken Larb Recipe (Laab Gai Isaan),Appetizers,In Progress,5 minutes,Easy,15 minutes,,2,20 minutes,,Recipes
22,Northern Thai Beef Tartare Recipe (Saa),Appetizers,In Progress,0 minutes,Easy,15 minutes,,2,15 minutes,,Recipes
23,Perfect Pan-Seared Ribeye Steak Recipe (Restaurant-Quality at Home),Main,Draft,15 minutes,Easy,50 minutes,,2,1 hour 5 minutes,,Recipes
25,Why You Shouldn't Order a Well-Done Steak on a Date (Make a Great Impression),Articles,Ready to Publish,,,,,,,,Informative Posts
27,,,,,,,,,,,Recipes
28,The Secret to Deliciously Tender Stir-Fries: Mastering the Art of Velveting (Perfect for Date Night),Articles,Ready to Publish,,,,,,,,Informative Posts
29,Unlock Restaurant-Quality Meals with Sous Vide Cooking for Date Night,Articles,Ready to Publish,,,,,,,,Informative Posts
30,Here's How to Get Wok Hei at Home for a Memorable Date Night,Articles,Ready to Publish,,,,,,,,Informative Posts
31,The Truth About MSG: A Flavor-Boosting Superstar for Your Date Night,Articles,Ready to Publish,,,,,,,,Informative Posts
32,The Essential Guide to Cooking Oils for Date Night Dinners,Articles,Ready to Publish,,,,,,,,Informative Posts
33,Demystifying Clarified Butter and Ghee for Date Night Cooking: A Beginner's Guide,Articles,Ready to Publish,,,,,,,,Informative Posts
34,The Ultimate Guide to Cooking a Perfect Steak for Your Next Date Night,Articles,Ready to Publish,,,,,,,,Informative Posts
35,Why You Shouldn't Wash Chicken on Date Night (and What to Do Instead),Articles,Ready to Publish,,,,,,,,Informative Posts
36,How to Choose Fresh Seafood for a Perfect Date Night,Articles,Ready to Publish,,,,,,,,Informative Posts
37,The Ultimate Guide to Crafting the Perfect Cocktail for Date Night,Articles,Ready to Publish,,,,,,,,Informative Posts
38,The Foolproof Egg Formula,Articles,Ready to Publish,,,,,,,,Informative Posts
39,Understanding Beef Grades: Choosing the Best Cut for Your Next Date Night,Articles,In Progress,,,,,,,,Informative Posts
40,Aphrodisiac Foods: Cooking to Set the Mood,Articles,In Progress,,,,,,,,Informative Posts
41,Crafting the Perfect Cheese & Charcuterie Board for a Cozy Night In,Articles,In Progress,,,,,,,,Informative Posts
42,Why Is My Lamb Gamey,Articles,In Progress,,,,,,,,Informative Posts
43,What Is Omakase,Articles,In Progress,,,,,,,,Informative Posts
44,How to Make Pasta Without a Recipe: A Beginner's Guide to Crafting Perfect Pasta from Scratch,Articles,In Progress,,,,,,,,Informative Posts
45,The Beginner's Guide to Wine Pairing for a Perfect Date Night,Articles,In Progress,,,,,,,,Informative Posts
46,How Restaurants Calculate Wine Prices: Understanding the Markup for Your Next Date Night,Articles,In Progress,,,,,,,,Informative Posts
50,Ratafia Restaurant Review: Montreal's Hidden Gem for Intimate Date Nights,Others,In Progress,,,,,,,,Restaurant Reviews
51,,,,,,,,,,,Recipes